"","species","unique_genus_with_pathogen_00","unique_genus_non_pathogen_03","unique_genus_non_pathogen_02","unique_genus_non_pathogen_01","unique_family_with_pathogen_04","unique_family_with_pathogen_03","unique_family_with_pathogen_02","unique_family_with_pathogen_01","unique_family_non_pathogen_04","unique_family_non_pathogen_03","unique_family_non_pathogen_02","unique_family_non_pathogen_01","unique_family_non_pathogen_00","throat_with_pathogen_04","throat_with_pathogen_03","throat_with_pathogen_02","throat_with_pathogen_01","throat_non_pathogen_04","throat_non_pathogen_03","throat_non_pathogen_02","throat_non_pathogen_01","SI041_2","SI041_1","SI041","SI037","SI035","SI034","SI032","SI030","SI029","SI023","SI021","SI019","SI018","SI010","SI008","SI007","SI006","SI005","SI004","SI003","SI002","SI001","CSI005","CSI004","CSI003","CSI002","CSI001"
"1","Dialister pneumosintes",NA,NA,NA,NA,NA,NA,NA,NA,NA,NA,NA,NA,NA,NA,NA,NA,100,NA,NA,NA,NA,100,100,100,NA,NA,NA,100,NA,NA,NA,NA,NA,NA,NA,NA,NA,NA,NA,NA,NA,NA,NA,NA,NA,NA,NA,NA
"2","Streptobacillus moniliformis",100,NA,NA,NA,NA,NA,NA,NA,NA,NA,NA,NA,NA,NA,NA,NA,100,NA,NA,NA,NA,NA,NA,NA,NA,NA,NA,NA,NA,NA,NA,NA,NA,NA,NA,NA,NA,NA,NA,NA,NA,NA,NA,NA,NA,NA,NA,NA
"3","Actinomyces israelii",NA,NA,NA,NA,NA,NA,NA,NA,NA,NA,NA,NA,NA,NA,NA,NA,100,NA,NA,NA,NA,100,100,NA,99.994121796379,NA,99.9965365566446,NA,NA,NA,NA,NA,NA,NA,NA,NA,NA,NA,NA,NA,NA,NA,NA,NA,NA,NA,NA,NA
"4","Campylobacter curvus",NA,NA,NA,NA,99.9957363349535,NA,NA,NA,NA,NA,NA,NA,NA,NA,NA,NA,100,NA,NA,NA,NA,NA,NA,NA,NA,NA,NA,NA,NA,NA,NA,NA,NA,NA,NA,NA,NA,NA,NA,NA,NA,NA,NA,NA,NA,NA,NA,NA
"5","Nocardia arthritidis",NA,NA,NA,NA,NA,NA,NA,NA,NA,NA,NA,NA,NA,NA,NA,NA,NA,NA,NA,NA,NA,100,99.9903325599381,100,NA,NA,NA,NA,NA,NA,NA,NA,NA,NA,NA,NA,NA,NA,NA,NA,NA,NA,NA,NA,NA,NA,NA,NA
"6","Nocardia otitidiscaviarum",NA,NA,NA,NA,NA,NA,NA,NA,NA,NA,NA,NA,NA,NA,NA,NA,NA,NA,NA,NA,NA,100,99.9790004199916,100,NA,NA,NA,NA,NA,NA,NA,NA,NA,NA,NA,NA,NA,NA,NA,NA,NA,NA,NA,NA,NA,NA,NA,NA
"7","Rothia mucilaginosa",NA,NA,NA,NA,NA,NA,NA,NA,NA,NA,NA,NA,NA,99.9708539784319,99.960396039604,99.9869850979371,100,NA,NA,NA,NA,100,100,99.9956937386961,100,99.9925198224705,100,100,99.991532519828,99.9920472154409,99.9938935026869,99.9915415968408,NA,99.9939165348583,100,NA,99.9915772923803,99.9849471267828,99.9945883541381,NA,NA,99.9949346570763,99.9918282546762,99.9916639332825,99.9941764647647,99.990952252776,99.9909255898367,99.9911794387529
"8","Nocardia nova",NA,NA,NA,NA,NA,NA,NA,NA,NA,NA,NA,NA,NA,NA,NA,NA,NA,NA,NA,NA,NA,99.9834135014099,100,99.9878293677357,NA,NA,NA,NA,NA,NA,NA,NA,NA,NA,NA,NA,NA,NA,NA,NA,NA,NA,NA,NA,NA,NA,NA,NA
"9","Schaalia meyeri",NA,NA,NA,NA,NA,NA,NA,NA,NA,NA,NA,NA,NA,100,100,100,100,NA,NA,NA,NA,99.9694002447981,100,NA,99.9716994481392,NA,99.9760665350326,NA,NA,NA,NA,NA,NA,NA,NA,NA,NA,NA,NA,NA,NA,NA,NA,NA,NA,NA,NA,NA
"10","Helicobacter pylori",100,NA,NA,99.9827049463853,99.9438202247191,NA,NA,100,NA,NA,100,NA,99.9754158813407,NA,NA,NA,99.9064546304958,99.9792401909903,NA,NA,100,NA,NA,NA,NA,NA,NA,NA,NA,NA,NA,NA,NA,NA,NA,NA,NA,NA,NA,NA,NA,NA,NA,NA,NA,NA,NA,NA
"11","[Haemophilus] ducreyi",NA,NA,NA,NA,NA,NA,NA,NA,NA,NA,NA,NA,NA,NA,NA,99.9750124937531,NA,NA,NA,NA,NA,NA,NA,NA,NA,NA,NA,NA,NA,NA,NA,NA,NA,NA,NA,NA,NA,NA,NA,NA,NA,NA,NA,NA,NA,NA,NA,NA
"12","Fusobacterium necrophorum",NA,NA,NA,NA,NA,NA,NA,NA,NA,NA,NA,NA,NA,NA,NA,100,100,NA,NA,NA,NA,100,99.9666305163928,99.9033457249071,100,99.8977505112474,99.8722860791826,NA,NA,NA,NA,NA,100,99.945939714832,NA,100,NA,NA,NA,NA,NA,NA,NA,NA,NA,NA,100,NA
"13","Cardiobacterium hominis",NA,NA,NA,NA,NA,NA,NA,NA,NA,NA,NA,NA,NA,NA,NA,NA,NA,NA,NA,NA,NA,99.9307958477509,99.9826464208243,99.9356568364611,NA,NA,NA,100,NA,NA,NA,NA,NA,NA,NA,NA,NA,NA,NA,NA,NA,NA,NA,NA,NA,NA,NA,NA
"14","Trueperella pyogenes",99.9018163966618,NA,NA,100,NA,NA,NA,NA,NA,NA,NA,NA,NA,NA,NA,NA,99.9616907163836,NA,NA,NA,NA,NA,NA,NA,NA,NA,NA,NA,NA,NA,NA,NA,NA,NA,NA,NA,NA,NA,NA,NA,NA,NA,NA,NA,NA,NA,NA,NA
"15","Campylobacter concisus",NA,NA,NA,NA,NA,NA,NA,NA,NA,NA,NA,NA,NA,99.9268434196917,100,99.9507954731835,99.9603803486529,NA,NA,NA,NA,100,99.9703571957907,99.8980260761891,99.9501246882793,99.8723675813657,99.9275383322223,99.934635182613,99.8880022399552,99.9654845111744,99.973698053656,99.9189364461738,99.9372778590843,99.9175856520545,100,99.7695852534562,99.9138673557278,99.9243697478991,100,100,100,99.9192225785132,100,100,100,100,99.8724489795918,99.9228246189466
"16","Streptococcus mutans",NA,NA,NA,NA,NA,NA,NA,NA,NA,NA,NA,NA,NA,NA,NA,NA,99.9370277078086,NA,NA,NA,NA,NA,NA,NA,NA,NA,NA,NA,NA,NA,NA,NA,NA,NA,NA,NA,NA,NA,NA,NA,NA,NA,NA,NA,NA,NA,NA,NA
"17","Aerococcus sanguinicola",NA,NA,NA,NA,NA,NA,NA,NA,NA,NA,NA,NA,NA,NA,NA,NA,99.9290780141844,NA,NA,NA,NA,NA,NA,NA,NA,NA,NA,NA,NA,NA,NA,NA,NA,NA,NA,NA,NA,NA,NA,NA,NA,NA,NA,NA,NA,NA,NA,NA
"18","Nocardia farcinica",NA,NA,NA,NA,NA,NA,NA,NA,NA,NA,NA,NA,NA,NA,NA,NA,NA,NA,NA,NA,NA,99.9438360011233,99.8983223182511,99.9425617461229,NA,NA,NA,NA,NA,NA,NA,NA,NA,NA,NA,NA,NA,NA,NA,NA,NA,NA,NA,NA,NA,NA,NA,NA
"19","Tsukamurella tyrosinosolvens",NA,NA,NA,NA,NA,NA,NA,NA,NA,NA,NA,NA,NA,NA,NA,NA,NA,NA,NA,NA,NA,99.8392713635146,100,NA,NA,NA,99.9323160226434,NA,NA,NA,NA,NA,NA,NA,NA,NA,NA,NA,NA,NA,NA,NA,NA,NA,NA,NA,NA,NA
"20","Mycobacterium kansasii",NA,NA,NA,NA,NA,NA,NA,NA,NA,NA,NA,NA,NA,NA,NA,NA,NA,NA,NA,NA,NA,99.9553092599213,99.896408839779,99.8993963782696,NA,NA,NA,NA,NA,NA,NA,NA,NA,NA,NA,NA,NA,NA,NA,NA,NA,NA,NA,NA,NA,NA,NA,NA
"21","Capnocytophaga gingivalis",NA,NA,NA,NA,99.8185018149819,NA,NA,NA,NA,NA,NA,NA,NA,NA,NA,99.8139287612972,99.7447584320875,NA,NA,NA,NA,99.896779521057,99.7932663910218,NA,99.8709677419355,100,100,100,NA,100,99.824355971897,100,100,99.5833333333333,100,100,99.9614494988435,100,100,NA,NA,100,NA,NA,100,99.814424293547,99.8987341772152,NA
"22","Schaalia odontolytica",99.9566724436742,NA,NA,NA,NA,NA,NA,NA,NA,NA,NA,NA,NA,100,99.952726126694,100,100,NA,NA,NA,NA,100,99.837074583635,99.8910477573997,NA,99.8922284756317,99.9136069114471,99.85935302391,99.889971977238,99.879453522636,99.8738965952081,99.880828816361,99.8774509803922,99.9094864083623,NA,NA,99.8917175266163,99.9123575810692,99.9167966718669,NA,NA,99.889108884355,NA,99.888726731865,99.8803827751196,99.9033582991061,99.9053724775851,99.882080106914
"23","Gemella haemolysans",NA,NA,NA,NA,NA,NA,NA,NA,NA,NA,NA,NA,NA,99.8572199130628,99.9382443758271,99.8992858450833,99.837205860589,NA,NA,NA,NA,99.8317914213625,99.5412844036697,99.868225992423,100,99.8709277711807,99.8390648822632,NA,NA,100,100,100,99.9187982135607,99.8565501412429,99.8815337749625,100,100,99.8775062858617,99.8727015558699,100,99.7347480106101,99.9154589371981,99.8621105700866,100,99.9139167862267,100,100,99.8572193467785
"24","Eikenella corrodens",NA,NA,NA,NA,NA,NA,NA,NA,NA,NA,NA,NA,NA,99.8644770408163,99.7999555456768,100,NA,NA,NA,NA,NA,99.9037721324095,99.8942731277533,NA,NA,99.8834498834499,NA,NA,NA,NA,NA,NA,NA,NA,NA,NA,NA,NA,NA,NA,NA,NA,NA,NA,NA,NA,NA,NA
"25","Streptococcus sobrinus",NA,NA,NA,NA,NA,NA,NA,NA,NA,NA,NA,NA,NA,NA,NA,NA,99.8864410629116,NA,NA,NA,NA,NA,NA,NA,NA,NA,NA,NA,NA,NA,NA,NA,NA,NA,NA,NA,NA,NA,NA,NA,NA,NA,NA,NA,NA,NA,NA,NA
"26","Tsukamurella pulmonis",NA,NA,NA,NA,NA,NA,NA,NA,NA,NA,NA,NA,NA,NA,NA,NA,NA,NA,NA,NA,NA,99.8883038136269,99.8684210526316,NA,NA,NA,99.8621504529342,NA,NA,NA,NA,NA,NA,NA,NA,NA,NA,NA,NA,NA,NA,NA,NA,NA,NA,NA,NA,NA
"27","Kytococcus sedentarius",NA,NA,NA,NA,NA,NA,NA,NA,NA,NA,NA,NA,NA,NA,NA,NA,NA,NA,NA,NA,NA,99.9268471104609,99.8465375023979,99.8124267291911,NA,NA,NA,99.8591167705229,NA,NA,NA,NA,NA,NA,NA,NA,NA,NA,NA,NA,NA,NA,NA,NA,NA,NA,NA,NA
"28","Prescottella equi",NA,NA,NA,NA,NA,NA,NA,NA,NA,NA,NA,NA,NA,NA,NA,NA,NA,NA,NA,NA,NA,99.8931052912881,99.835481217439,NA,NA,99.867374005305,99.8403357511063,NA,NA,NA,NA,NA,NA,NA,NA,NA,NA,NA,NA,NA,NA,NA,NA,NA,NA,NA,NA,NA
"29","Burkholderia gladioli",NA,NA,NA,NA,NA,NA,NA,NA,NA,NA,NA,NA,NA,NA,NA,NA,NA,NA,NA,NA,NA,99.7863247863248,99.8751560549313,NA,NA,NA,NA,99.8577586206897,NA,NA,NA,NA,NA,NA,NA,NA,NA,NA,NA,NA,NA,NA,NA,NA,NA,NA,NA,NA
"30","Pandoraea pulmonicola",NA,NA,NA,NA,NA,NA,NA,NA,NA,NA,NA,NA,NA,NA,NA,NA,NA,NA,NA,NA,NA,99.8533186651999,99.9010390895596,99.7295835586804,NA,99.857108835437,NA,NA,NA,NA,NA,NA,NA,NA,NA,NA,NA,NA,NA,NA,NA,NA,NA,NA,NA,NA,NA,NA
"31","Dolosigranulum pigrum",NA,NA,NA,NA,NA,NA,NA,NA,NA,NA,NA,NA,NA,NA,NA,NA,NA,NA,NA,NA,NA,99.8344370860927,99.8293224099676,NA,99.8230928546773,NA,NA,NA,NA,NA,NA,NA,NA,NA,NA,NA,NA,NA,NA,NA,NA,NA,NA,NA,NA,NA,NA,NA
"32","Clostridium tetani",NA,NA,NA,NA,NA,NA,NA,NA,NA,NA,NA,NA,NA,NA,NA,NA,99.8259860788863,NA,NA,NA,NA,NA,NA,NA,NA,NA,NA,NA,NA,NA,NA,NA,NA,NA,NA,NA,NA,NA,NA,NA,NA,NA,NA,NA,NA,NA,NA,NA
"33","Achromobacter denitrificans",NA,NA,NA,NA,NA,NA,NA,NA,NA,NA,NA,NA,NA,NA,NA,NA,NA,NA,NA,NA,NA,99.9263080324245,99.6770988574267,NA,NA,NA,NA,NA,NA,NA,NA,NA,NA,NA,NA,NA,NA,NA,NA,NA,NA,NA,NA,NA,NA,NA,NA,NA
"34","Aggregatibacter actinomycetemcomitans",NA,NA,NA,NA,NA,NA,NA,NA,NA,NA,NA,NA,NA,NA,NA,99.7871564096327,NA,NA,NA,NA,NA,NA,NA,NA,NA,NA,NA,NA,NA,NA,NA,NA,NA,NA,NA,NA,NA,NA,NA,NA,NA,NA,NA,NA,NA,NA,NA,NA
"35","Corynebacterium pseudotuberculosis",NA,NA,NA,NA,NA,NA,NA,NA,NA,NA,NA,NA,NA,NA,NA,NA,NA,NA,NA,NA,NA,99.8146088246199,99.7300215982721,99.7359701801615,NA,NA,99.8410680228862,NA,NA,NA,NA,NA,NA,NA,NA,NA,NA,NA,NA,NA,NA,NA,NA,NA,NA,NA,NA,NA
"36","Bordetella hinzii",NA,NA,NA,NA,NA,NA,NA,NA,NA,NA,NA,NA,NA,NA,NA,NA,NA,NA,NA,NA,NA,99.900760833609,99.3408662900188,NA,NA,NA,99.872854418309,99.8373763382572,NA,NA,NA,NA,NA,NA,NA,NA,NA,NA,NA,NA,NA,NA,NA,NA,NA,NA,NA,NA
"37","Rothia dentocariosa",99.4647122692725,NA,99.4707845957608,NA,NA,99.3791500664011,NA,99.4695481335953,NA,99.3778699451933,99.471110667598,NA,NA,99.4648409471418,99.3903750986158,NA,99.5299384443201,NA,99.4222436206066,NA,99.4292299349241,99.7942386831276,99.645599527466,99.8470613939262,NA,100,100,99.8444306160548,100,100,100,99.797562131197,99.7950358000473,NA,NA,100,100,100,98.7179487179487,100,100,100,100,100,99.3865030674847,99.7305764411028,100,100
"38","Campylobacter fetus",NA,NA,NA,NA,NA,NA,NA,NA,NA,NA,NA,NA,NA,NA,NA,99.6946456469252,NA,NA,NA,NA,NA,NA,NA,NA,NA,NA,NA,NA,NA,NA,NA,NA,NA,NA,NA,NA,NA,NA,NA,NA,NA,NA,NA,NA,NA,NA,NA,NA
"39","Chromobacterium violaceum",NA,NA,NA,NA,NA,NA,NA,NA,NA,NA,NA,NA,NA,NA,NA,NA,NA,NA,NA,NA,NA,99.5777104562563,99.7222222222222,99.7638560911238,NA,99.6962135184984,NA,99.5724003887269,NA,NA,NA,NA,NA,NA,NA,NA,NA,NA,NA,NA,NA,NA,NA,NA,NA,NA,NA,NA
"40","Capnocytophaga sputigena",NA,NA,NA,NA,NA,NA,NA,NA,NA,NA,NA,NA,NA,NA,NA,99.4635659813843,99.3852459016393,NA,NA,NA,NA,100,99.3421052631579,NA,99.6248660235799,NA,100,100,NA,99.4080245560184,100,NA,NA,NA,NA,100,99.1596638655462,100,100,NA,NA,100,NA,NA,99.4905849176749,100,98.3606557377049,NA
"41","Haemophilus pittmaniae",NA,NA,NA,NA,NA,NA,NA,NA,NA,NA,NA,NA,NA,NA,NA,NA,NA,NA,NA,NA,NA,99.6577686516085,99.5710059171598,99.6400049654488,NA,99.6996656655522,NA,99.6737800733995,NA,NA,NA,NA,NA,NA,NA,NA,NA,NA,NA,NA,NA,NA,NA,NA,NA,NA,NA,NA
"42","Haemophilus parahaemolyticus",NA,NA,NA,NA,NA,NA,NA,NA,NA,NA,NA,NA,NA,99.7151898734177,99.7781721384206,99.7077650988032,NA,NA,NA,NA,NA,99.6842936069455,99.755615035494,99.7075195773186,99.7637928125527,99.7347103131366,NA,99.6937212863706,99.7442455242967,99.294532627866,99.756938885412,99.7392398073442,NA,99.7147147147147,99.766256596168,99.7540097620559,100,99.7617077929752,99.7648770178721,100,99.7593298103314,99.7795738427627,99.7973657548126,99.6591928251121,100,NA,99.7767071453713,96.875
"43","Streptococcus iniae",NA,NA,NA,NA,NA,NA,NA,NA,NA,NA,NA,NA,NA,NA,NA,NA,99.6372430471584,NA,NA,NA,NA,NA,NA,NA,NA,NA,NA,NA,NA,NA,NA,NA,NA,NA,NA,NA,NA,NA,NA,NA,NA,NA,NA,NA,NA,NA,NA,NA
"44","Kingella denitrificans",NA,NA,NA,NA,NA,NA,NA,NA,NA,NA,NA,NA,NA,NA,NA,NA,NA,NA,NA,NA,NA,99.4638321888816,99.6781115879828,99.5673975027038,NA,99.5174380346567,100,99.5020429009193,NA,NA,NA,NA,NA,NA,99.4652406417112,99.4681531105372,NA,NA,100,NA,NA,NA,NA,NA,NA,NA,NA,NA
"45","Legionella longbeachae",NA,NA,NA,NA,NA,NA,NA,NA,NA,NA,NA,NA,NA,NA,NA,NA,NA,NA,NA,NA,NA,99.5931383329668,99.5773457311919,NA,99.6064400715563,99.7062204623834,NA,NA,NA,NA,NA,NA,NA,NA,NA,NA,NA,NA,NA,NA,NA,NA,NA,NA,NA,NA,NA,NA
"46","Veillonella parvula",NA,NA,NA,NA,NA,NA,NA,NA,NA,NA,NA,NA,NA,99.5753286147624,99.5793690535804,99.464036874263,99.6592181490677,NA,NA,NA,NA,99.7561966680211,99.2943548387097,100,98.5849056603774,99.6779859484778,100,99.5863699034863,99.3506493506494,99.5521492220324,100,99.3670886075949,99.6587030716723,100,99.492385786802,99.3839835728953,99.396628216504,100,99.5965557817666,99.3217054263566,99.6941896024465,100,99.0476190476191,99.6116504854369,99.5592448394917,99.6740016299918,100,99.4726930320151
"47","Burkholderia glumae",NA,NA,NA,NA,NA,NA,NA,NA,NA,NA,NA,NA,NA,NA,NA,NA,NA,NA,NA,NA,NA,99.5803462143731,99.4456289978678,NA,NA,NA,NA,99.6200160556596,NA,NA,NA,NA,NA,NA,NA,NA,NA,NA,NA,NA,NA,NA,NA,NA,NA,NA,NA,NA
"48","Aerococcus urinae",NA,NA,NA,NA,NA,NA,NA,NA,NA,NA,NA,NA,NA,NA,NA,NA,99.5039682539683,NA,NA,NA,NA,NA,NA,NA,NA,NA,NA,NA,NA,NA,NA,NA,NA,NA,NA,NA,NA,NA,NA,NA,NA,NA,NA,NA,NA,NA,NA,NA
"49","Haemophilus parainfluenzae",NA,NA,NA,NA,NA,NA,NA,NA,NA,NA,NA,NA,NA,99.7906976744186,99.7630331753555,99.5255666842383,99.6954933008526,NA,NA,NA,NA,99.5757678601731,99.422676509559,99.6138996138996,99.4971300858435,99.4996170538678,98.6842105263158,99.3371212121212,NA,99.4793542683126,99.8188405797101,99.3333333333333,100,99.5113129136524,99.1228070175439,99.7619047619048,99.4504641961261,99.5207353763815,99.5070705909404,99.063670411985,99.6697688381867,99.5138617259904,99.5666732322238,NA,99.4050983075047,99.4939404791074,99.5037068807058,99.3247154157824
"50","Aggregatibacter aphrophilus",NA,NA,NA,NA,NA,NA,NA,NA,NA,NA,NA,NA,NA,99.5110102591965,99.5643334301481,99.5747093847462,99.3121693121693,NA,NA,NA,NA,NA,NA,NA,NA,NA,NA,NA,NA,NA,NA,NA,NA,NA,NA,NA,NA,NA,NA,NA,NA,NA,NA,NA,NA,NA,NA,NA
"51","Abiotrophia defectiva",NA,NA,NA,NA,99.4849383486811,NA,NA,NA,NA,NA,NA,NA,NA,NA,NA,NA,NA,NA,NA,NA,NA,NA,NA,NA,NA,NA,NA,NA,NA,NA,NA,NA,NA,NA,NA,NA,NA,NA,NA,NA,NA,NA,NA,NA,NA,NA,NA,NA
"52","Clostridium botulinum",NA,NA,NA,NA,NA,NA,NA,NA,NA,NA,NA,NA,NA,NA,NA,99.5218170950389,99.4328922495274,NA,NA,NA,NA,NA,NA,NA,NA,NA,NA,NA,NA,NA,NA,NA,NA,NA,NA,NA,NA,NA,NA,NA,NA,NA,NA,NA,NA,NA,NA,NA
"53","Streptococcus sanguinis",NA,NA,NA,NA,NA,NA,NA,NA,NA,NA,NA,NA,NA,99.5547222873213,99.4885782475281,99.4770265222264,99.2312241277351,NA,NA,NA,NA,NA,NA,NA,NA,NA,NA,NA,NA,NA,NA,NA,NA,NA,NA,NA,NA,NA,NA,NA,NA,NA,NA,NA,NA,NA,NA,NA
"54","Moraxella osloensis",NA,NA,NA,NA,NA,NA,NA,NA,NA,NA,NA,NA,NA,NA,NA,NA,NA,NA,NA,NA,NA,99.1197183098592,99.0626464614904,NA,99.1209376664891,NA,98.9737991266375,100,100,NA,NA,NA,NA,NA,NA,NA,NA,99.0303137741535,NA,NA,NA,NA,NA,NA,NA,NA,NA,100
"55","Nocardia cyriacigeorgica",NA,NA,NA,NA,NA,99.1791143582769,NA,NA,NA,NA,NA,NA,NA,NA,NA,NA,NA,NA,NA,NA,NA,99.2737430167598,100,99.1648511256355,NA,NA,NA,NA,NA,NA,NA,NA,NA,NA,NA,NA,NA,NA,NA,NA,NA,NA,NA,NA,NA,NA,NA,NA
"56","Corynebacterium diphtheriae",NA,NA,NA,NA,NA,NA,NA,NA,NA,NA,NA,NA,NA,NA,NA,NA,99.3467336683417,NA,NA,NA,NA,NA,NA,NA,NA,NA,NA,NA,NA,NA,NA,NA,NA,NA,NA,NA,NA,NA,NA,NA,NA,NA,NA,NA,NA,NA,NA,NA
"57","Pantoea agglomerans",NA,NA,NA,NA,NA,NA,NA,NA,NA,NA,NA,NA,NA,NA,NA,NA,NA,NA,NA,NA,NA,99.3948562783661,99.268700376097,99.2404767469035,NA,NA,99.2305916750019,99.3270848353761,NA,NA,NA,NA,NA,NA,NA,NA,NA,NA,NA,NA,NA,NA,NA,NA,NA,NA,NA,NA
"58","Porphyromonas gingivalis",98.948060486522,NA,NA,NA,NA,NA,NA,99.2331369739426,NA,NA,NA,NA,NA,NA,99.2233009708738,99.2878338278932,99.341816586222,NA,NA,NA,NA,99.5268138801262,99.163179916318,99.4157272477316,99.3299937382592,99.2555831265509,97.5609756097561,100,NA,98.4615384615385,97.1428571428571,100,100,98.9445910290237,100,98.8584474885845,98.8372093023256,99.3951745447374,100,99.4987468671679,99.2565055762082,99.2050874403816,98.8721804511278,100,100,99.4407158836689,100,NA
"59","Burkholderia thailandensis",NA,NA,NA,NA,NA,NA,NA,NA,NA,NA,NA,NA,NA,NA,NA,NA,NA,NA,NA,NA,NA,99.1535117822009,99.0897269180754,NA,NA,NA,NA,99.537037037037,NA,NA,NA,NA,NA,NA,NA,NA,NA,NA,NA,NA,NA,NA,NA,NA,NA,NA,NA,NA
"60","Mycobacterium gordonae",NA,NA,NA,NA,NA,NA,NA,NA,NA,NA,NA,NA,NA,NA,NA,NA,NA,NA,NA,NA,NA,99.5575221238938,99.2653232577666,98.9031770045386,NA,NA,NA,NA,NA,NA,NA,NA,NA,NA,NA,NA,NA,NA,NA,NA,NA,NA,NA,NA,NA,NA,NA,NA
"61","Streptococcus gordonii",NA,NA,NA,NA,NA,NA,NA,NA,NA,NA,NA,NA,NA,98.9672977624785,99.3717437940546,99.0582800284293,99.0753582986593,NA,NA,NA,NA,NA,NA,NA,NA,NA,NA,NA,NA,NA,NA,NA,NA,NA,NA,NA,NA,NA,NA,NA,NA,NA,NA,NA,NA,NA,NA,NA
"62","Mycobacteroides chelonae",NA,NA,NA,NA,NA,NA,NA,NA,NA,NA,NA,NA,NA,NA,NA,NA,NA,NA,NA,NA,NA,99.023761282004,99.1803278688525,NA,NA,99.0553745928339,NA,NA,NA,NA,NA,NA,NA,NA,NA,NA,NA,NA,NA,NA,NA,NA,NA,NA,NA,NA,NA,NA
"63","Gordonia bronchialis",NA,NA,NA,NA,NA,NA,NA,NA,NA,NA,NA,NA,NA,NA,NA,NA,NA,NA,NA,NA,NA,99.0117774468661,98.9730046948357,NA,NA,NA,99.3857493857494,98.7667984189723,NA,NA,NA,NA,NA,NA,NA,NA,NA,NA,NA,NA,NA,NA,NA,NA,NA,NA,NA,NA
"64","Corynebacterium propinquum",NA,NA,NA,NA,NA,NA,NA,NA,NA,NA,NA,NA,NA,NA,NA,NA,NA,NA,NA,NA,NA,98.8897700237906,98.9872068230277,98.959371194509,NA,NA,98.9193597716383,NA,NA,NA,NA,NA,NA,NA,NA,NA,NA,NA,NA,NA,NA,NA,NA,NA,NA,NA,NA,NA
"65","Kingella kingae",NA,NA,NA,NA,NA,NA,NA,NA,NA,NA,NA,NA,NA,NA,98.8512349224584,98.7717195925704,NA,NA,NA,NA,NA,98.8025545502927,98.8527097902098,98.786895379385,NA,98.7597211048539,NA,99.2443324937028,NA,NA,NA,NA,NA,NA,NA,NA,NA,NA,NA,NA,NA,NA,NA,NA,NA,NA,NA,NA
"66","Bordetella holmesii",NA,NA,NA,NA,NA,NA,NA,NA,NA,NA,NA,NA,NA,NA,NA,NA,NA,NA,NA,NA,NA,98.8223938223938,98.9025695931477,NA,NA,NA,98.8709677419355,98.7469806763285,NA,NA,NA,NA,NA,NA,NA,NA,NA,NA,NA,NA,NA,NA,NA,NA,NA,NA,NA,NA
"67","Haemophilus haemolyticus",NA,NA,NA,NA,NA,NA,NA,NA,NA,NA,NA,NA,NA,98.665878578063,98.5159620362381,98.6360911270983,98.6146095717884,NA,NA,NA,NA,98.8113496932515,98.6811481768813,98.7054178263965,100,98.5941525708525,98.9772727272727,98.6276365603029,NA,98.9351403678606,97.9522184300341,NA,98.6403571942964,98.7891550408002,98.8743274023702,97.7591036414566,98.4197530864197,98.6997968432568,98.4557030615009,98.5649695301749,98.3761840324763,98.6244841815681,100,NA,100,100,98.4276729559748,NA
"68","Listeria monocytogenes",98.67222479543,NA,NA,NA,NA,NA,NA,NA,NA,NA,NA,NA,NA,NA,NA,NA,98.5766758494031,NA,NA,NA,NA,NA,NA,NA,NA,NA,NA,NA,NA,NA,NA,NA,NA,NA,NA,NA,NA,NA,NA,NA,NA,NA,NA,NA,NA,NA,NA,NA
"69","Neisseria gonorrhoeae",NA,NA,NA,NA,NA,NA,NA,NA,NA,NA,NA,NA,NA,98.4655821552888,98.6377765587859,98.5136074426563,NA,NA,NA,NA,NA,98.4531886024423,98.1489841986456,NA,NA,NA,NA,NA,NA,NA,NA,NA,NA,NA,NA,NA,NA,NA,NA,98.4019440415812,NA,NA,NA,NA,NA,98.2826948480845,98.8873435326843,NA
"70","Leptotrichia buccalis",NA,NA,NA,NA,NA,NA,NA,NA,NA,NA,NA,NA,NA,NA,NA,NA,NA,NA,NA,NA,NA,98.3890954151177,98.5627595017566,NA,98.5537190082645,NA,98.3833619210978,NA,NA,NA,NA,NA,NA,NA,NA,NA,NA,NA,NA,NA,NA,NA,NA,NA,NA,NA,NA,NA
"71","Sphingomonas paucimobilis",NA,NA,NA,NA,NA,NA,NA,NA,NA,NA,NA,NA,NA,NA,NA,NA,NA,NA,NA,NA,NA,98.2154187817259,98.2887700534759,NA,98.6073266727218,NA,NA,98.6981443699602,NA,NA,NA,NA,NA,NA,NA,NA,NA,NA,NA,NA,NA,NA,NA,NA,NA,NA,NA,NA
"72","Erysipelothrix rhusiopathiae",98.3330469152775,NA,NA,NA,NA,NA,NA,98.4356058419442,NA,NA,NA,NA,NA,NA,NA,NA,98.4464008285862,NA,NA,NA,NA,NA,NA,NA,NA,NA,NA,NA,NA,NA,NA,NA,NA,NA,NA,NA,NA,NA,NA,NA,NA,NA,NA,NA,NA,NA,NA,NA
"73","Gardnerella vaginalis",98.2267257758075,NA,NA,NA,NA,NA,NA,NA,NA,NA,NA,NA,NA,NA,NA,NA,98.5235567352356,NA,NA,NA,NA,NA,NA,NA,NA,NA,NA,NA,NA,NA,NA,NA,NA,NA,NA,NA,NA,NA,NA,NA,NA,NA,NA,NA,NA,NA,NA,NA
"74","Ureaplasma parvum",NA,NA,NA,NA,NA,NA,NA,NA,NA,NA,NA,NA,NA,NA,NA,NA,NA,NA,NA,NA,NA,98.6297539149888,98.0728051391863,NA,NA,98.3698650749862,98.4182935647144,NA,NA,NA,NA,NA,NA,NA,NA,NA,NA,NA,NA,NA,NA,NA,NA,NA,NA,NA,NA,NA
"75","Mycobacteroides abscessus",NA,NA,NA,NA,NA,NA,NA,NA,NA,NA,NA,NA,NA,NA,NA,NA,NA,NA,NA,NA,NA,98.1398139813981,98.2396750169262,NA,NA,98.2394626116483,NA,NA,NA,NA,NA,NA,NA,NA,NA,NA,NA,NA,NA,NA,NA,NA,NA,NA,NA,NA,NA,NA
"76","Streptococcus equinus",NA,NA,NA,NA,NA,NA,NA,NA,NA,NA,NA,NA,NA,98.1692613835889,98.0954865640491,98.1327800829876,98.1080465010258,NA,NA,NA,NA,NA,NA,NA,NA,NA,NA,NA,NA,NA,NA,NA,NA,NA,NA,NA,NA,NA,NA,NA,NA,NA,NA,NA,NA,NA,NA,NA
"77","Parvimonas micra",98.2104509663565,NA,NA,NA,NA,NA,NA,NA,NA,NA,NA,NA,NA,97.8900547445255,98.1269510926119,98.1378963261198,97.7282288599074,NA,NA,NA,NA,NA,NA,NA,NA,NA,NA,NA,NA,NA,NA,NA,NA,NA,NA,NA,NA,NA,NA,NA,NA,NA,NA,NA,NA,NA,NA,NA
"78","Streptococcus intermedius",NA,NA,NA,NA,NA,NA,NA,NA,NA,NA,NA,NA,NA,NA,98.2634730538922,98.0893105849582,97.6938502673797,NA,NA,NA,NA,NA,NA,NA,NA,NA,NA,NA,NA,NA,NA,NA,NA,NA,NA,NA,NA,NA,NA,NA,NA,NA,NA,NA,NA,NA,NA,NA
"79","Enterobacter cloacae",NA,NA,NA,NA,NA,NA,NA,NA,NA,NA,NA,NA,NA,NA,98.0014241633041,NA,NA,NA,NA,NA,NA,NA,NA,NA,NA,NA,NA,NA,NA,NA,NA,NA,NA,NA,NA,NA,NA,NA,NA,NA,NA,NA,NA,NA,NA,NA,NA,NA
"80","Neisseria meningitidis",NA,NA,NA,NA,NA,NA,NA,NA,NA,NA,NA,NA,NA,98.0025608194622,98.3569238185787,98.1236203090508,NA,NA,NA,NA,NA,97.8519497686715,97.6403207331042,NA,NA,NA,NA,NA,NA,98.527865404837,NA,NA,NA,NA,NA,NA,NA,NA,98.0595980595981,97.7945809703844,NA,NA,NA,NA,97.7331272539928,97.8645066273932,97.7869986168741,NA
"81","Prevotella melaninogenica",NA,NA,NA,NA,NA,NA,NA,NA,NA,NA,NA,NA,NA,NA,NA,NA,NA,NA,NA,NA,NA,97.9569093610698,97.8802222679564,97.9166666666667,97.9860378685149,97.8994271164863,97.9694019471488,NA,NA,97.8591160220994,97.7627471383975,NA,98.0728051391863,98.1116025859136,NA,NA,97.8471683475562,NA,NA,NA,NA,98.0024318221296,NA,NA,98.1926473608544,NA,97.8773269050489,NA
"82","Pseudomonas fluorescens",NA,NA,NA,NA,NA,NA,NA,NA,NA,NA,NA,NA,NA,NA,NA,NA,NA,NA,NA,NA,NA,97.6238968092329,98.3101662578359,NA,97.7001703577513,97.9787042050171,97.9124989127598,97.9434126885205,NA,NA,NA,NA,NA,NA,NA,NA,NA,NA,NA,NA,NA,NA,NA,NA,NA,NA,NA,NA
"83","Pediococcus acidilactici",NA,NA,NA,NA,NA,NA,NA,NA,NA,NA,NA,NA,NA,NA,NA,NA,NA,NA,NA,NA,NA,97.783702716214,97.4483596597813,NA,97.9742489270386,98.0630961115187,98.2727272727273,NA,NA,NA,NA,NA,NA,NA,NA,NA,NA,NA,NA,NA,NA,NA,NA,NA,NA,NA,NA,NA
"84","Streptococcus suis",NA,NA,NA,NA,NA,NA,NA,NA,NA,NA,NA,NA,NA,NA,97.4386339381003,97.2545757071547,97.3682764683259,NA,NA,NA,NA,96.165191740413,97.3430427081283,96.4962901896125,97.2928784782267,96.1038961038961,100,100,98.0392156862745,NA,100,97.9591836734694,NA,98.9795918367347,98.9583333333333,97.4358974358974,100,97.2956574499437,100,97.8378378378378,98.2456140350877,96.5909090909091,98.5714285714286,97.6744186046512,97.6027397260274,97.3762336516088,94.2857142857143,99.0476190476191
"85","Clostridioides difficile",97.9789022520276,NA,NA,NA,NA,NA,NA,NA,NA,NA,NA,NA,NA,NA,NA,97.8235522736106,97.8818737270876,NA,NA,NA,NA,NA,NA,NA,NA,NA,NA,NA,NA,NA,NA,NA,NA,NA,NA,NA,NA,NA,NA,NA,NA,NA,NA,NA,NA,NA,NA,NA
"86","Haemophilus influenzae",NA,NA,NA,NA,NA,NA,NA,NA,NA,NA,NA,NA,NA,97.8124032607574,98.0843570140022,97.901156344052,97.9736842105263,NA,NA,NA,NA,97.2879399884593,97.9478588629463,97.7771622463818,97.6303317535545,97.6954120645709,100,97.8624242211865,97.8598581220629,97.65625,97.7853492333901,98.989898989899,96.7391304347826,97.7077363896848,98.5221674876847,98.4234234234234,98.4276729559748,98.2151710461081,97.8328173374613,98.048399687744,97.9115297366604,97.4421864050455,96.8379446640316,96.5116279069768,97.8260869565217,95.6521739130435,97.6154992548435,97.2222222222222
"87","Corynebacterium pseudodiphtheriticum",NA,NA,NA,NA,NA,NA,NA,NA,NA,NA,NA,NA,NA,NA,NA,NA,NA,NA,NA,NA,NA,97.3515472539727,97.5863700899196,97.7560975609756,NA,NA,97.8723404255319,NA,NA,NA,NA,NA,NA,NA,NA,NA,NA,NA,NA,NA,NA,NA,NA,NA,NA,NA,NA,NA
"88","Neisseria flavescens",NA,NA,NA,NA,NA,NA,NA,NA,NA,NA,NA,NA,NA,97.609896709104,97.837566004526,97.6355247981546,NA,NA,NA,NA,NA,97.5663716814159,97.717184527584,NA,97.1428571428571,NA,NA,NA,NA,NA,97.808925924142,97.7234869516935,NA,NA,NA,NA,NA,NA,97.1944840703757,NA,NA,NA,NA,NA,97.7367109634552,NA,NA,NA
"89","Mycobacteroides immunogenum",NA,NA,NA,NA,NA,NA,NA,NA,NA,NA,NA,NA,NA,NA,NA,NA,NA,NA,NA,NA,NA,97.5155279503106,97.4396953025815,NA,NA,97.7929584866001,NA,NA,NA,NA,NA,NA,NA,NA,NA,NA,NA,NA,NA,NA,NA,NA,NA,NA,NA,NA,NA,NA
"90","Enterococcus faecalis",NA,NA,NA,NA,NA,NA,NA,NA,NA,NA,NA,NA,NA,NA,NA,NA,97.5394079200308,NA,NA,NA,NA,NA,NA,NA,NA,NA,NA,NA,NA,NA,NA,NA,NA,NA,NA,NA,NA,NA,NA,NA,NA,NA,NA,NA,NA,NA,NA,NA
"91","Legionella anisa",NA,NA,NA,NA,NA,NA,NA,NA,NA,NA,NA,NA,NA,NA,NA,NA,NA,NA,NA,NA,NA,97.6925254813137,96.8986384266263,NA,97.6947722122372,97.737003058104,NA,NA,NA,NA,NA,NA,NA,NA,NA,NA,NA,NA,NA,NA,NA,NA,NA,NA,NA,NA,NA,NA
"92","Neisseria lactamica",NA,NA,NA,NA,NA,NA,NA,NA,NA,NA,NA,NA,NA,97.3153018895203,97.6876556385628,97.3374448754932,NA,NA,NA,NA,NA,97.7038425492034,97.3649058894961,NA,NA,NA,NA,NA,NA,NA,NA,NA,NA,NA,NA,NA,NA,NA,NA,NA,NA,NA,NA,NA,NA,NA,NA,NA
"93","Cronobacter sakazakii",NA,NA,NA,NA,NA,NA,NA,NA,NA,NA,NA,NA,NA,NA,NA,NA,NA,NA,NA,NA,NA,97.4673202614379,97.4552572706935,NA,NA,NA,NA,97.3633856716754,NA,NA,NA,NA,NA,NA,NA,NA,NA,NA,NA,NA,NA,NA,NA,NA,NA,NA,NA,NA
"94","Capnocytophaga leadbetteri",NA,NA,NA,NA,NA,NA,NA,NA,NA,NA,NA,NA,NA,NA,NA,97.4874371859297,97.8085783854654,NA,NA,NA,NA,97.836916622968,98.0631704410012,80,98.0358909142292,100,100,NA,NA,98.5915492957747,97.803650094399,NA,NA,NA,NA,NA,97.9820992676973,NA,97.9448471713624,100,NA,97.6744186046512,NA,NA,98.2630272952854,98.0648944487881,98.0112621892597,NA
"95","Streptococcus pneumoniae",NA,NA,NA,NA,NA,NA,NA,NA,NA,NA,NA,NA,NA,95.1961569255404,95.584612469206,96.701030927835,93.6929460580913,NA,NA,NA,NA,98.0574555403557,98.2432432432432,98.075156393543,98.2169390787518,NA,NA,NA,98.0920997978567,NA,NA,NA,NA,NA,NA,98.2345982345982,NA,NA,NA,98.1452392460126,NA,NA,NA,NA,NA,NA,98.1510453705021,NA
"96","Prevotella intermedia",NA,NA,NA,NA,NA,NA,NA,NA,NA,NA,NA,NA,NA,97.0103092783505,97.1837747019762,97.1719038817005,97.2992700729927,NA,NA,NA,NA,96.9138448349764,97.27385377943,97.3684210526316,97.1648440664237,96.8025298664793,96.7407407407407,96.9173088939804,97.910447761194,96.6666666666667,96.4125560538117,96.7581047381546,97.1065296179668,97.0650316614735,98.3695652173913,97.7168949771689,97.5,97.0731707317073,97.5438596491228,97.3776223776224,97.0802341660727,97.2559366754617,97.432239657632,97.5308641975309,97.3019517795637,97.2663139329806,96.5250965250965,94.5652173913043
"97","Corynebacterium striatum",NA,NA,NA,NA,NA,NA,NA,NA,NA,NA,NA,NA,NA,NA,NA,NA,98.3791402396054,NA,NA,NA,NA,96.2264150943396,96.4731416169289,97.1859221859222,NA,NA,97.1581316826111,NA,NA,NA,NA,NA,NA,NA,NA,NA,NA,NA,NA,NA,NA,NA,NA,NA,NA,NA,NA,NA
"98","Bacteroides fragilis",NA,NA,NA,NA,NA,NA,NA,NA,NA,NA,NA,NA,NA,NA,NA,97.0544662309368,96.9462169553327,NA,NA,NA,NA,97.1428571428571,96.9483568075117,94.2857142857143,96.9702817445002,95.985401459854,96.7173087357569,97.6744186046512,96.3576158940397,97.8234582829504,98.6394557823129,98.6842105263158,96.614236203679,96.7679343607939,95.5555555555556,96.6666666666667,NA,99.0291262135922,96.5753424657534,96.8566259611036,96.8115581018807,96.8619246861925,NA,NA,96.9429097605893,96.5261695229273,96.8063872255489,NA
"99","Staphylococcus epidermidis",NA,NA,NA,NA,NA,NA,NA,NA,NA,NA,NA,NA,NA,NA,NA,NA,96.752425137073,NA,NA,NA,NA,NA,NA,NA,NA,NA,NA,NA,NA,NA,NA,NA,NA,NA,NA,NA,NA,NA,NA,NA,NA,NA,NA,NA,NA,NA,NA,NA
"100","Pasteurella multocida",96.144578313253,NA,NA,NA,NA,NA,NA,NA,NA,NA,NA,NA,NA,NA,NA,97.0306430729391,96.6201602985454,NA,NA,NA,NA,NA,NA,NA,NA,NA,NA,NA,NA,NA,NA,NA,NA,NA,NA,NA,NA,NA,NA,NA,NA,NA,NA,NA,NA,NA,NA,NA
"101","Finegoldia magna",96.5491372843211,NA,NA,NA,NA,NA,NA,NA,NA,NA,NA,NA,NA,NA,NA,NA,96.2856563471678,NA,NA,NA,NA,NA,NA,NA,NA,NA,NA,NA,NA,NA,NA,NA,NA,NA,NA,NA,NA,NA,NA,NA,NA,NA,NA,NA,NA,NA,NA,NA
"102","Serratia marcescens",NA,NA,NA,NA,NA,NA,NA,NA,NA,NA,NA,NA,NA,NA,NA,NA,NA,NA,NA,NA,NA,96.0791682324941,96.2447001817081,96.5876367824918,NA,NA,96.4935295160433,96.3792685880358,NA,NA,NA,NA,NA,NA,NA,NA,NA,NA,NA,NA,NA,NA,NA,NA,NA,NA,NA,NA
"103","Hafnia alvei",NA,NA,NA,NA,NA,NA,NA,NA,NA,NA,NA,NA,NA,NA,NA,NA,NA,NA,NA,NA,NA,95.8057395143488,95.9733671528218,NA,NA,NA,97.1337579617834,96.1832061068702,NA,NA,NA,NA,NA,NA,NA,NA,NA,NA,NA,NA,NA,NA,NA,NA,NA,NA,NA,NA
"104","Corynebacterium jeikeium",NA,NA,NA,NA,NA,NA,NA,NA,NA,NA,NA,NA,NA,NA,NA,NA,NA,NA,NA,NA,NA,95.9260814783704,96.5984930032293,96.2896874230864,NA,NA,96.2393827400635,NA,NA,NA,NA,NA,NA,NA,NA,NA,NA,NA,NA,NA,NA,NA,NA,NA,NA,NA,NA,NA
"105","Bordetella petrii",NA,NA,NA,NA,NA,NA,NA,NA,NA,NA,NA,NA,NA,NA,NA,NA,NA,NA,NA,NA,NA,96.1902074220404,96.2573699051525,NA,NA,NA,96.084799278304,96.0146109190529,NA,NA,NA,NA,NA,NA,NA,NA,NA,NA,NA,NA,NA,NA,NA,NA,NA,NA,NA,NA
"106","Raoultella planticola",NA,NA,NA,NA,NA,NA,NA,NA,NA,NA,NA,NA,NA,NA,NA,NA,NA,NA,NA,NA,NA,95.6955293335549,96.771978021978,96.0895228726021,95.973377703827,NA,NA,NA,NA,NA,NA,NA,NA,NA,NA,NA,NA,NA,NA,NA,NA,NA,NA,NA,NA,NA,NA,NA
"107","Streptococcus oralis",NA,97.7907946119082,NA,NA,NA,NA,NA,NA,97.7401040595891,NA,NA,NA,NA,97.8406793368378,97.5941422594142,97.4162011173184,98.008138787749,NA,NA,NA,NA,94.3823862716529,93.495145631068,94.8073897080249,94.6964815053486,NA,NA,NA,NA,94.8220064724919,94.9240121580547,NA,94.8053843523515,NA,NA,NA,NA,94.8462277751081,NA,NA,NA,NA,NA,NA,NA,NA,NA,NA
"108","Gemella morbillorum",NA,NA,NA,NA,NA,NA,NA,NA,NA,NA,NA,NA,NA,95.7411711779261,94.7194719471947,95.8677082572826,96.8944099378882,NA,NA,NA,NA,95.7809503515875,95.2400835073069,95.808810415552,NA,95.584612469206,95.421686746988,NA,NA,NA,NA,NA,NA,NA,NA,NA,NA,NA,NA,NA,NA,NA,NA,NA,NA,NA,NA,NA
"109","Streptococcus pyogenes",NA,NA,NA,NA,NA,NA,NA,NA,NA,NA,NA,NA,NA,NA,NA,NA,95.6578517793013,NA,NA,NA,NA,NA,NA,NA,NA,NA,NA,NA,NA,NA,NA,NA,NA,NA,NA,NA,NA,NA,NA,NA,NA,NA,NA,NA,NA,NA,NA,NA
"110","Proteus vulgaris",NA,NA,NA,NA,NA,NA,NA,NA,NA,NA,NA,NA,NA,NA,NA,NA,NA,NA,NA,NA,NA,95.4879328436516,95.8185296529106,NA,NA,95.6245350645838,NA,NA,NA,NA,NA,NA,NA,NA,NA,NA,NA,NA,NA,NA,NA,NA,NA,NA,NA,NA,NA,NA
"111","Streptococcus mitis",NA,NA,NA,NA,97.4844544940644,NA,NA,NA,NA,NA,NA,NA,NA,97.9041335144576,98.01261829653,97.8983568972105,97.7912755383766,NA,NA,NA,NA,95.0020999580008,95.5407483341876,95.2283671384795,94.909461566135,NA,NA,NA,95.1537036157172,NA,94.9405228416671,NA,94.955823085667,NA,94.9271079882755,94.925063299102,94.7549899080511,94.8973787377969,94.8882374496152,95.0501182074344,94.8590381426202,94.9596889473383,94.9917948094572,NA,95.0768796727324,NA,94.9581192085137,94.8424319244722
"112","Klebsiella oxytoca",NA,NA,NA,NA,NA,NA,NA,NA,NA,NA,NA,NA,NA,NA,NA,NA,NA,NA,NA,NA,NA,95.7482993197279,95.7040572792363,95.3901300433478,NA,95.4202077431539,NA,NA,NA,NA,NA,NA,NA,NA,NA,NA,NA,NA,NA,NA,NA,NA,NA,NA,NA,NA,NA,NA
"113","Neisseria mucosa",NA,NA,NA,NA,NA,NA,NA,NA,NA,NA,NA,NA,NA,95.0978284239948,95.2570183309832,94.9335106382979,NA,NA,NA,NA,NA,95.7802837395416,95.4756795422032,NA,NA,95.7945993802568,95.703544575725,NA,NA,95.2596293719562,95.2394945636203,NA,NA,NA,NA,NA,95.6540135396518,95.3131062310856,NA,NA,NA,95.3572653210836,95.1415094339623,NA,95.2412184812709,95.3596999256891,95.0592568866111,95.1455486718153
"114","Enterococcus avium",95.2107279693487,NA,NA,NA,NA,NA,NA,NA,NA,NA,NA,NA,NA,NA,NA,NA,95.4154727793696,NA,NA,NA,NA,NA,NA,NA,NA,NA,NA,NA,NA,NA,NA,NA,NA,NA,NA,NA,NA,NA,NA,NA,NA,NA,NA,NA,NA,NA,NA,NA
"115","Proteus penneri",NA,NA,NA,NA,NA,NA,NA,NA,NA,NA,NA,NA,NA,NA,NA,NA,NA,NA,NA,NA,NA,94.8051948051948,94.8108470036826,NA,NA,94.4026733500418,NA,NA,NA,NA,NA,NA,NA,NA,NA,NA,NA,NA,NA,NA,NA,NA,NA,NA,NA,NA,NA,NA
"116","Brevibacillus laterosporus",NA,NA,NA,NA,NA,NA,NA,NA,NA,NA,NA,NA,NA,NA,NA,NA,94.4117647058823,NA,NA,NA,NA,NA,NA,NA,NA,NA,NA,NA,NA,NA,NA,NA,NA,NA,NA,NA,NA,NA,NA,NA,NA,NA,NA,NA,NA,NA,NA,NA
"117","Eubacterium limosum",94.7452868030485,NA,NA,NA,NA,NA,93.7130916689379,94.2099043935976,NA,NA,NA,NA,NA,NA,NA,NA,92.9292929292929,NA,NA,NA,NA,94.0244219277734,94.3089430894309,93.5253456221198,94.5655711031565,NA,93.8649308380797,NA,NA,NA,NA,NA,NA,NA,NA,NA,NA,NA,NA,NA,NA,NA,NA,NA,NA,NA,NA,NA
"118","Fusobacterium nucleatum",NA,NA,NA,NA,NA,NA,NA,NA,NA,NA,NA,NA,NA,95.0543668888109,94.3091582848068,93.5796486977589,94.0509915014164,NA,NA,NA,NA,94.0922190201729,94.1129355226272,94.1469794817297,94.5739910313901,95.1807228915663,94.6128680479826,94.0047961630695,94.2036653999711,95.8579881656805,90.990990990991,94.5421791876601,94.5261984392419,94.4317582996663,94.4862787107344,93.2835820895522,91.2087912087912,94.2439516129032,93.4391534391534,95.5762514551804,94.4728028407715,95.7244655581948,94.1766146311601,94.2715505370421,93.8053097345133,95.7333333333333,93.0894308943089,87.8048780487805
"119","Proteus mirabilis",94.1448891829309,NA,NA,NA,NA,NA,NA,NA,NA,NA,NA,NA,NA,NA,NA,NA,93.7213403880071,NA,NA,NA,NA,NA,NA,NA,NA,NA,NA,NA,NA,NA,NA,NA,NA,NA,NA,NA,NA,NA,NA,NA,NA,NA,NA,NA,NA,NA,NA,NA
"120","Stutzerimonas stutzeri",90.9854423292273,NA,NA,NA,NA,NA,NA,NA,NA,NA,NA,NA,NA,NA,NA,NA,90.4653433127237,NA,NA,NA,NA,94.4617784711388,94.9847094801223,NA,NA,NA,NA,94.5453766389579,NA,NA,NA,NA,NA,NA,NA,NA,NA,NA,NA,NA,NA,NA,NA,NA,NA,NA,NA,NA
"121","Actinomyces naeslundii",NA,NA,NA,NA,NA,92.7156221965911,NA,NA,NA,NA,NA,NA,NA,NA,NA,NA,92.954475069681,NA,NA,NA,NA,92.7898909811695,93,93.0537195048672,NA,NA,NA,92.9605213306054,NA,NA,NA,NA,NA,NA,NA,NA,NA,NA,NA,NA,NA,NA,NA,NA,NA,NA,NA,NA
"122","Acinetobacter nosocomialis",NA,NA,NA,NA,NA,NA,NA,NA,NA,NA,NA,NA,NA,NA,NA,NA,NA,NA,NA,NA,NA,93.5668119645273,91.6075650118203,NA,NA,NA,NA,NA,NA,NA,NA,NA,NA,NA,NA,NA,NA,NA,NA,NA,NA,NA,NA,NA,NA,NA,NA,NA
"123","Citrobacter koseri",NA,NA,NA,NA,NA,NA,NA,NA,NA,NA,NA,NA,NA,NA,NA,NA,NA,NA,NA,NA,NA,91.7930862969411,92.2459033950948,NA,91.6724209363348,NA,NA,NA,NA,NA,NA,NA,NA,NA,NA,NA,NA,NA,NA,NA,NA,NA,NA,NA,NA,NA,NA,NA
"124","Elizabethkingia anophelis",91.2064570943076,NA,NA,NA,NA,NA,NA,NA,NA,NA,NA,NA,NA,NA,NA,NA,89.4252873563218,NA,NA,NA,NA,NA,NA,NA,NA,NA,NA,NA,NA,NA,NA,NA,NA,NA,NA,NA,NA,NA,NA,NA,NA,NA,NA,NA,NA,NA,NA,NA
"125","Leclercia adecarboxylata",NA,NA,NA,NA,NA,NA,NA,NA,NA,NA,NA,NA,NA,NA,NA,NA,NA,NA,NA,NA,NA,90.0376484216623,90.2268942547877,NA,89.4649751792609,NA,89.7911832946636,NA,NA,NA,NA,NA,NA,NA,NA,NA,NA,NA,NA,NA,NA,NA,NA,NA,NA,NA,NA,NA
"126","Heyndrickxia coagulans",88.7573964497041,NA,NA,NA,NA,NA,NA,NA,NA,NA,NA,NA,NA,NA,NA,NA,89.1469194312796,NA,NA,NA,NA,NA,NA,NA,NA,NA,NA,NA,NA,NA,NA,NA,NA,NA,NA,NA,NA,NA,NA,NA,NA,NA,NA,NA,NA,NA,NA,NA
"127","Delftia acidovorans",NA,NA,NA,NA,NA,NA,NA,NA,NA,NA,NA,NA,NA,NA,NA,NA,NA,NA,NA,NA,NA,88.2231404958678,87.7296105804556,NA,NA,NA,NA,87.3697435518439,NA,NA,NA,NA,NA,NA,NA,NA,NA,NA,NA,NA,NA,NA,NA,NA,NA,NA,NA,NA
"128","Stenotrophomonas maltophilia",77.0037199864728,NA,NA,NA,NA,NA,76.3104890771058,NA,NA,NA,NA,NA,NA,NA,NA,NA,76.9565217391304,NA,NA,NA,NA,97.8858350951374,97.5355450236967,NA,97.5773031558814,NA,NA,NA,NA,NA,NA,NA,NA,NA,NA,NA,NA,NA,NA,NA,NA,NA,NA,NA,NA,NA,NA,NA
"129","Brevibacillus brevis",86.3489499192246,NA,NA,NA,NA,NA,NA,NA,NA,NA,NA,NA,NA,NA,NA,NA,85.7670979667283,NA,NA,NA,NA,NA,NA,NA,NA,NA,NA,NA,NA,NA,NA,NA,NA,NA,NA,NA,NA,NA,NA,NA,NA,NA,NA,NA,NA,NA,NA,NA
"130","Streptococcus anginosus",NA,NA,NA,NA,NA,NA,NA,NA,NA,NA,NA,NA,NA,NA,85.408560311284,84.7599926993977,85.7659831121833,NA,NA,NA,NA,NA,NA,NA,NA,NA,NA,NA,NA,NA,NA,NA,NA,NA,NA,NA,NA,NA,NA,NA,NA,NA,NA,NA,NA,NA,NA,NA
"131","Clostridium perfringens",NA,NA,NA,NA,85.203318373453,NA,NA,NA,NA,NA,NA,NA,NA,NA,NA,85.8671586715867,84.3555555555556,NA,NA,NA,NA,NA,NA,NA,NA,NA,NA,NA,NA,NA,NA,NA,NA,NA,NA,NA,NA,NA,NA,NA,NA,NA,NA,NA,NA,NA,NA,NA
"132","Salmonella enterica",84.5238095238095,NA,NA,NA,NA,NA,85.8059663273798,NA,NA,NA,NA,NA,NA,NA,NA,NA,83.900643974241,NA,NA,NA,NA,NA,NA,NA,NA,NA,NA,NA,NA,NA,NA,NA,NA,NA,NA,NA,NA,NA,NA,NA,NA,NA,NA,NA,NA,NA,NA,NA
"133","Corynebacterium ulcerans",NA,NA,NA,NA,NA,NA,NA,NA,NA,NA,NA,NA,NA,NA,NA,NA,NA,NA,NA,NA,NA,84.6902862505866,82.9482948294829,84.9466776045939,NA,NA,85.1100644044987,NA,NA,NA,NA,NA,NA,NA,NA,NA,NA,NA,NA,NA,NA,NA,NA,NA,NA,NA,NA,NA
"134","Brucella anthropi",NA,NA,NA,NA,NA,NA,NA,NA,NA,NA,NA,NA,NA,NA,NA,NA,NA,NA,NA,NA,NA,83.2262210796915,83.8326446280992,84.7590953785644,83.7782769970221,NA,NA,NA,NA,NA,NA,NA,NA,NA,NA,NA,NA,NA,NA,NA,NA,NA,NA,NA,NA,NA,NA,NA
"135","Treponema vincentii",82.5661777103355,82.8247937056227,83.8445807770961,83.6363636363636,83.7973413594181,83.2527958028441,83.232948409072,NA,83.6029411764706,83.2264002815453,83.1009331760163,83.0494728304947,82.8,NA,82.5870646766169,83.4862385321101,83.340919435594,83.1975514245848,83.4956230943248,83.3855396339325,NA,NA,NA,NA,NA,NA,NA,NA,NA,NA,NA,NA,NA,NA,NA,NA,NA,NA,NA,NA,NA,NA,NA,NA,NA,NA,NA,NA
"136","Acinetobacter pittii",NA,NA,NA,NA,NA,NA,NA,NA,NA,NA,NA,NA,NA,NA,NA,NA,NA,NA,NA,NA,NA,80.2578071050411,79.5664880662445,NA,NA,NA,NA,NA,NA,NA,NA,NA,NA,NA,NA,NA,NA,NA,NA,NA,NA,NA,NA,NA,NA,NA,NA,NA
"137","Burkholderia cenocepacia",74.9344520188778,75,74.5160154875044,74.7148288973384,74.3172905525847,74.7598453029484,74.8803503264934,NA,74.7872449502717,74.8249921638282,74.8635867588214,75.1600034440203,74.6846550400351,74.9167028828046,75.24061143612,78.2798833819242,74.4710860366714,74.2512293249888,74.3489583333333,74.4404611956206,NA,74.583977448395,74.3770211147042,NA,NA,NA,NA,74.0886017535764,NA,NA,NA,NA,NA,NA,NA,NA,NA,NA,NA,NA,NA,NA,NA,NA,NA,NA,NA,NA
"138","Acinetobacter lwoffii",NA,NA,NA,NA,NA,NA,NA,NA,NA,NA,NA,NA,NA,NA,NA,NA,NA,NA,NA,NA,NA,74.0941352259993,73.7144682210157,NA,NA,NA,NA,NA,NA,NA,NA,NA,NA,NA,NA,NA,NA,NA,NA,NA,NA,NA,NA,NA,NA,NA,NA,NA
"139","Pseudomonas aeruginosa",NA,NA,NA,NA,NA,NA,NA,NA,NA,NA,NA,NA,NA,NA,NA,NA,69.817866435386,NA,NA,NA,NA,73.5524256651017,75.3303964757709,NA,75.1158422041327,74.514263434921,74.7387328543436,74.0737767430659,NA,NA,NA,NA,NA,NA,NA,NA,NA,NA,NA,NA,NA,NA,NA,NA,NA,NA,NA,NA
"140","Shewanella putrefaciens",NA,NA,NA,NA,NA,NA,NA,NA,NA,NA,NA,NA,NA,NA,NA,NA,NA,NA,NA,NA,NA,72.9533050333535,72.8527607361963,NA,NA,NA,NA,NA,NA,NA,NA,NA,NA,NA,NA,NA,NA,NA,NA,NA,NA,NA,NA,NA,NA,NA,NA,NA
"141","Streptococcus constellatus",NA,NA,NA,NA,NA,NA,NA,NA,NA,NA,NA,NA,NA,NA,NA,NA,71.8363463368221,NA,NA,NA,NA,72.9277142059726,72.0841300191205,73.4505589927277,73.6737136019146,NA,NA,NA,NA,NA,NA,NA,NA,NA,NA,NA,NA,NA,NA,NA,NA,NA,NA,NA,NA,NA,NA,NA
"142","Mycobacterium marinum",NA,NA,NA,NA,NA,71.7159763313609,NA,NA,NA,NA,NA,NA,NA,NA,NA,NA,NA,NA,NA,NA,NA,NA,NA,NA,NA,NA,NA,NA,NA,NA,NA,NA,NA,NA,NA,NA,NA,NA,NA,NA,NA,NA,NA,NA,NA,NA,NA,NA
"143","Streptococcus dysgalactiae",NA,NA,NA,NA,NA,NA,NA,NA,NA,NA,NA,NA,NA,NA,NA,NA,74.1485203796762,NA,NA,NA,NA,70.4051673517322,66.8091168091168,70.4156479217604,69.6275071633238,NA,NA,NA,NA,NA,76.1904761904762,75,NA,70.2573327337231,NA,NA,NA,NA,NA,NA,NA,NA,NA,NA,NA,NA,NA,NA
"144","Rickettsia rickettsii",NA,NA,NA,NA,NA,70.4135377170594,NA,NA,NA,NA,NA,NA,NA,NA,NA,NA,NA,NA,NA,NA,NA,NA,NA,NA,NA,NA,NA,NA,NA,NA,NA,NA,NA,NA,NA,NA,NA,NA,NA,NA,NA,NA,NA,NA,NA,NA,NA,NA
"145","Klebsiella pneumoniae",NA,NA,NA,NA,NA,NA,NA,NA,NA,NA,NA,NA,NA,NA,62.4213440724893,NA,NA,NA,NA,NA,NA,NA,NA,NA,NA,NA,NA,NA,NA,NA,NA,NA,NA,NA,NA,NA,NA,NA,NA,NA,NA,NA,NA,NA,NA,NA,NA,NA
"146","Klebsiella quasipneumoniae",NA,NA,NA,NA,NA,NA,NA,NA,NA,NA,NA,NA,NA,NA,NA,NA,NA,NA,NA,NA,NA,60.5311077389985,59.8090982940699,61.345496009122,NA,61.1000804936947,NA,NA,NA,NA,NA,NA,NA,NA,NA,NA,NA,NA,NA,NA,NA,NA,NA,NA,NA,NA,NA,NA
"147","Streptococcus agalactiae",NA,NA,NA,NA,NA,NA,NA,NA,NA,NA,NA,NA,NA,NA,NA,59.0779636881453,57.875948237394,NA,NA,NA,NA,NA,NA,NA,NA,NA,NA,NA,NA,NA,NA,NA,NA,NA,NA,NA,NA,NA,NA,NA,NA,NA,NA,NA,NA,NA,NA,NA
"148","Bordetella parapertussis",NA,NA,NA,NA,NA,NA,NA,NA,NA,NA,NA,NA,NA,NA,NA,NA,NA,NA,NA,NA,NA,54.3357664233577,52.7662348244113,NA,NA,NA,52.9481513420287,53.6791314837153,NA,NA,NA,NA,NA,NA,NA,NA,NA,NA,NA,NA,NA,NA,NA,NA,NA,NA,NA,NA
"149","Staphylococcus aureus",NA,NA,NA,NA,NA,NA,NA,NA,NA,NA,NA,NA,NA,NA,NA,52.5843188786684,53.7755822159492,NA,NA,NA,NA,NA,NA,NA,NA,NA,NA,NA,NA,NA,NA,NA,NA,NA,NA,NA,NA,NA,NA,NA,NA,NA,NA,NA,NA,NA,NA,NA
"150","Campylobacter jejuni",NA,NA,NA,NA,NA,NA,NA,NA,NA,NA,NA,NA,NA,NA,NA,NA,52.7196652719665,NA,NA,NA,NA,NA,NA,NA,NA,NA,NA,NA,NA,NA,NA,NA,NA,NA,NA,NA,NA,NA,NA,NA,NA,NA,NA,NA,NA,NA,NA,NA
"151","Klebsiella variicola",NA,NA,NA,NA,NA,NA,NA,NA,NA,NA,NA,NA,NA,NA,52.0766773162939,NA,NA,NA,NA,NA,NA,51.1664899257688,51.421686746988,50.3555053491926,NA,50.6682389937107,NA,NA,NA,NA,NA,NA,NA,NA,NA,NA,NA,NA,NA,NA,NA,NA,NA,NA,NA,NA,NA,NA
"152","Escherichia coli",50.1284725371059,NA,NA,NA,NA,NA,NA,NA,NA,NA,NA,NA,NA,NA,49.732770745429,49.537037037037,50.0410621407063,NA,NA,NA,NA,NA,NA,NA,NA,NA,NA,NA,NA,NA,NA,NA,NA,NA,NA,NA,NA,NA,NA,NA,NA,NA,NA,NA,NA,NA,NA,NA
"153","Bordetella bronchiseptica",NA,NA,NA,NA,NA,NA,NA,NA,NA,NA,NA,NA,NA,NA,NA,NA,NA,NA,NA,NA,NA,50.0463907960661,48.2300884955752,NA,NA,NA,50.1423994304023,49.7742334862719,NA,NA,NA,NA,NA,NA,NA,NA,NA,NA,NA,NA,NA,NA,NA,NA,NA,NA,NA,NA
"154","Raoultella ornithinolytica",NA,NA,NA,NA,NA,NA,NA,NA,NA,NA,NA,NA,NA,NA,NA,NA,NA,NA,NA,NA,NA,48.604118993135,43.9051918735892,46.7119146751839,51.6483516483517,NA,NA,NA,NA,NA,NA,NA,NA,NA,NA,NA,NA,NA,NA,NA,NA,NA,NA,NA,NA,NA,NA,NA
"155","Providencia stuartii",NA,NA,NA,NA,NA,NA,NA,NA,NA,NA,NA,NA,NA,NA,NA,NA,NA,NA,NA,NA,NA,46.1643835616438,45.2069716775599,45.1467776403104,NA,45.6355338340461,NA,44.9987620698193,NA,NA,NA,NA,NA,NA,NA,NA,NA,NA,NA,NA,NA,NA,NA,NA,NA,NA,NA,NA
"156","Enterococcus faecium",NA,NA,NA,NA,NA,NA,NA,NA,NA,NA,NA,NA,NA,NA,NA,NA,91.3686806411837,NA,NA,NA,NA,32.7369303885938,34.1854636591479,NA,33.3504889346372,33.5732391816042,32.7443986177684,NA,NA,NA,NA,NA,NA,NA,NA,NA,NA,NA,NA,NA,NA,NA,NA,NA,NA,NA,NA,NA
"157","Pseudomonas putida",41.1455596426695,NA,NA,39.7919375812744,40.557234853463,NA,NA,NA,NA,NA,NA,40.387523947165,40.5348888399736,NA,NA,NA,41.5907710989678,40.1348271933156,NA,NA,NA,NA,NA,NA,NA,NA,NA,NA,NA,NA,NA,NA,NA,NA,NA,NA,NA,NA,NA,NA,NA,NA,NA,NA,NA,NA,NA,NA
"158","Acinetobacter baumannii",NA,NA,NA,NA,NA,NA,NA,NA,NA,NA,NA,NA,NA,NA,NA,NA,NA,NA,NA,NA,NA,37.13308121736,35.6521739130435,NA,NA,NA,NA,NA,NA,NA,NA,NA,NA,NA,NA,NA,NA,NA,NA,NA,NA,NA,NA,NA,NA,NA,NA,NA
"159","Bacillus cereus",NA,NA,NA,NA,NA,NA,NA,NA,NA,NA,NA,NA,NA,NA,NA,NA,29.5918367346939,NA,NA,NA,NA,NA,NA,NA,NA,NA,NA,NA,NA,NA,NA,NA,NA,NA,NA,NA,NA,NA,NA,NA,NA,NA,NA,NA,NA,NA,NA,NA
"160","Haemophilus aegyptius",NA,NA,NA,NA,NA,NA,NA,NA,NA,NA,NA,NA,NA,NA,26.5583402184889,NA,NA,NA,NA,NA,NA,NA,NA,NA,NA,NA,NA,NA,NA,NA,NA,NA,NA,NA,NA,NA,NA,NA,NA,NA,NA,NA,NA,NA,NA,NA,NA,NA
"161","Bacillus thuringiensis",NA,NA,NA,NA,30.0539429745697,NA,NA,NA,NA,NA,NA,NA,NA,NA,NA,31.251545881771,32.0156555772994,NA,NA,NA,NA,12.5632377740304,13.2378223495702,NA,NA,13.2125616965884,13.3929680705678,12.861372344131,NA,NA,NA,NA,NA,NA,NA,NA,NA,NA,NA,NA,NA,NA,NA,NA,NA,NA,NA,NA
"162","Citrobacter freundii",NA,NA,NA,NA,NA,NA,NA,NA,NA,NA,NA,NA,NA,NA,NA,NA,NA,NA,NA,NA,NA,14.8786869647954,13.74645064306,NA,14.5474613686534,NA,NA,NA,NA,NA,NA,NA,NA,NA,NA,NA,NA,NA,NA,NA,NA,NA,NA,NA,NA,NA,NA,NA
"163","Actinomyces graevenitzii",NA,NA,NA,NA,NA,NA,NA,NA,NA,NA,NA,NA,NA,NA,NA,NA,NA,NA,NA,NA,NA,0,0,0,0,0,0,NA,0,NA,0,0,NA,NA,NA,NA,0,0,0,0,NA,0,0,NA,NA,NA,0,0
"164","Aeromonas sobria",NA,NA,NA,NA,NA,NA,NA,NA,NA,NA,NA,NA,NA,NA,NA,NA,NA,NA,NA,NA,NA,0,0,0,NA,NA,NA,0,NA,NA,NA,NA,NA,NA,NA,NA,NA,NA,NA,NA,NA,NA,NA,NA,NA,NA,NA,NA
"165","Cardiobacterium valvarum",NA,NA,NA,NA,NA,NA,NA,NA,NA,NA,NA,NA,NA,NA,NA,NA,NA,NA,NA,NA,NA,0,0,0,NA,NA,NA,0,NA,NA,NA,NA,NA,NA,NA,NA,NA,NA,NA,NA,NA,NA,NA,NA,NA,NA,NA,NA
"166","Gordonia araii",NA,NA,NA,NA,NA,NA,NA,NA,NA,NA,NA,NA,NA,NA,NA,NA,NA,NA,NA,NA,NA,0,0,NA,NA,NA,0,0,NA,NA,NA,NA,NA,NA,NA,NA,NA,NA,NA,NA,NA,NA,NA,NA,NA,NA,NA,NA
"167","Hoylesella pleuritidis",NA,NA,NA,NA,NA,NA,NA,NA,NA,NA,NA,NA,NA,NA,NA,NA,NA,NA,NA,NA,NA,0,0,NA,NA,0,NA,0,NA,NA,NA,NA,NA,NA,NA,NA,NA,NA,NA,NA,NA,NA,NA,NA,NA,NA,NA,NA
"168","Legionella feeleii",NA,NA,NA,NA,NA,NA,NA,NA,NA,NA,NA,NA,NA,NA,NA,NA,NA,NA,NA,NA,NA,0,0,NA,0,0,NA,NA,NA,NA,NA,NA,NA,NA,NA,NA,NA,NA,NA,NA,NA,NA,NA,NA,NA,NA,NA,NA
"169","Legionella maceachernii",NA,NA,NA,NA,NA,NA,NA,NA,NA,NA,NA,NA,NA,NA,NA,NA,NA,NA,NA,NA,NA,0,0,NA,0,0,NA,NA,NA,NA,NA,NA,NA,NA,NA,NA,NA,NA,NA,NA,NA,NA,NA,NA,NA,NA,NA,NA
"170","Legionella wadsworthii",NA,NA,NA,NA,NA,NA,NA,NA,NA,NA,NA,NA,NA,NA,NA,NA,NA,NA,NA,NA,NA,0,0,NA,0,0,NA,NA,NA,NA,NA,NA,NA,NA,NA,NA,NA,NA,NA,NA,NA,NA,NA,NA,NA,NA,NA,NA
"171","Mycobacterium parascrofulaceum",NA,NA,NA,NA,NA,NA,NA,NA,NA,NA,NA,NA,NA,NA,NA,NA,NA,NA,NA,NA,NA,0,0,0,NA,NA,NA,NA,NA,NA,NA,NA,NA,NA,NA,NA,NA,NA,NA,NA,NA,NA,NA,NA,NA,NA,NA,NA
"172","Mycobacterium scrofulaceum",NA,NA,NA,NA,NA,NA,NA,NA,NA,NA,NA,NA,NA,NA,NA,NA,NA,NA,NA,NA,NA,0,0,0,NA,NA,NA,NA,NA,NA,NA,NA,NA,NA,NA,NA,NA,NA,NA,NA,NA,NA,NA,NA,NA,NA,NA,NA
"173","Mycobacterium szulgai",NA,NA,NA,NA,NA,NA,NA,NA,NA,NA,NA,NA,NA,NA,NA,NA,NA,NA,NA,NA,NA,0,0,0,NA,NA,NA,NA,NA,NA,NA,NA,NA,NA,NA,NA,NA,NA,NA,NA,NA,NA,NA,NA,NA,NA,NA,NA
"174","Nocardia abscessus",NA,NA,NA,NA,NA,NA,NA,NA,NA,NA,NA,NA,NA,NA,NA,NA,NA,NA,NA,NA,NA,0,0,0,NA,NA,NA,NA,NA,NA,NA,NA,NA,NA,NA,NA,NA,NA,NA,NA,NA,NA,NA,NA,NA,NA,NA,NA
"175","Nocardia beijingensis",NA,NA,NA,NA,NA,NA,NA,NA,NA,NA,NA,NA,NA,NA,NA,NA,NA,NA,NA,NA,NA,0,0,0,NA,NA,NA,NA,NA,NA,NA,NA,NA,NA,NA,NA,NA,NA,NA,NA,NA,NA,NA,NA,NA,NA,NA,NA
"176","Nocardia transvalensis",NA,NA,NA,NA,NA,NA,NA,NA,NA,NA,NA,NA,NA,NA,NA,NA,NA,NA,NA,NA,NA,0,0,0,NA,NA,NA,NA,NA,NA,NA,NA,NA,NA,NA,NA,NA,NA,NA,NA,NA,NA,NA,NA,NA,NA,NA,NA
"177","Nocardia veterana",NA,NA,NA,NA,NA,NA,NA,NA,NA,NA,NA,NA,NA,NA,NA,NA,NA,NA,NA,NA,NA,0,0,0,NA,NA,NA,NA,NA,NA,NA,NA,NA,NA,NA,NA,NA,NA,NA,NA,NA,NA,NA,NA,NA,NA,NA,NA
"178","Ralstonia pickettii",NA,NA,NA,NA,NA,NA,NA,NA,NA,NA,NA,NA,NA,NA,NA,NA,NA,NA,NA,NA,NA,0,0,NA,NA,NA,NA,NA,NA,NA,NA,NA,NA,NA,NA,NA,NA,NA,NA,NA,NA,NA,NA,NA,NA,NA,NA,NA
"179","Segatella buccae",NA,NA,NA,NA,NA,NA,NA,NA,NA,NA,NA,NA,NA,NA,NA,NA,NA,NA,NA,NA,NA,0,0,NA,NA,NA,NA,NA,NA,NA,NA,NA,NA,NA,NA,NA,NA,NA,NA,NA,NA,NA,NA,NA,NA,NA,NA,NA
"180","Slackia exigua",NA,NA,NA,NA,NA,NA,NA,NA,NA,NA,NA,NA,NA,NA,NA,NA,NA,NA,NA,NA,NA,0,0,0,NA,NA,NA,0,NA,NA,NA,NA,NA,NA,NA,NA,NA,NA,NA,NA,NA,NA,NA,NA,NA,NA,NA,NA
"181","Williamsia muralis",NA,NA,NA,NA,NA,NA,NA,NA,NA,NA,NA,NA,NA,NA,NA,NA,NA,NA,NA,NA,NA,0,0,0,0,0,NA,0,NA,NA,NA,NA,NA,NA,NA,NA,NA,NA,NA,NA,NA,NA,NA,NA,NA,NA,NA,NA
"182","[Eubacterium] brachy",NA,NA,NA,NA,NA,NA,NA,NA,NA,NA,NA,NA,NA,NA,NA,NA,NA,NA,NA,NA,NA,0,0,0,0,NA,0,NA,NA,NA,NA,NA,NA,NA,NA,NA,NA,NA,NA,NA,NA,NA,NA,NA,NA,NA,NA,NA
"183","[Eubacterium] nodatum",NA,NA,NA,NA,NA,NA,NA,NA,NA,NA,NA,NA,NA,NA,NA,NA,NA,NA,NA,NA,NA,0,0,0,0,NA,0,NA,NA,NA,NA,NA,NA,NA,NA,NA,NA,NA,NA,NA,NA,NA,NA,NA,NA,NA,NA,NA
